PMID,nct_id,has_results_section,has_results_section_update,New_has_results_section,has_adverse_events_section,has_adverse_events_section_update,New_has_adverse_events,primary_completion_date_type,primary_completion_date_type_update,New_primary_completion_date_type,primary_completion_date_update,results_first_post_date_update,primary_completion_date_clean_01,results_first_post_date,start_date_type,trial_start_date_clean_01,trial_start_date_update,start_date_type_update,New_trial_start_date,is_act,results_first_submit_date,results_first_submit_date_update,results_first_submit_qc_date_update,Publication_Date_Prio_Elec,Has_Protocol,Earliest_Document_Date_Protocol,Comp_vs_Up_Protocol,Comp_vs_Up_Protocol_Days,yr_1_Comp_after_Up_Protocol,Has_SAP,Earliest_Document_Date_SAP,Comp_vs_Up_SAP,Comp_vs_Up_SAP_Days,yr_1_Comp_after_Up_SAP,has_protocol_any_version_update,earliest_protocol_date_update,has_sap_any_version_update,earliest_sap_date_update,New_has_protocol,New_has_sap,Comp_vs_Up_Protocol_update,Comp_vs_Up_SAP_update,Comp_vs_Up_Protocol_Days_update,Comp_vs_Up_SAP_Days_update,has_extension_or_cert,disp_first_submit_date,disp_first_post_date
40158525,NCT00906997,FALSE,FALSE,,FALSE,FALSE,,ACTUAL,ACTUAL,,,,12/31/2021,1/1/3011,ACTUAL,11/1/2008,2008-11,ACTUAL,1,No,1/1/3011,,,3/27/2025,Yes,1/24/2024,2,754,1,Yes,1/24/2024,2,754,1,Yes,1/24/2024,Yes,1/24/2024,,,1,1,-428,-428,FALSE,,
39863372,NCT01149590,FALSE,FALSE,,FALSE,FALSE,,ACTUAL,ACTUAL,,,,5/1/2015,1/1/3011,,11/1/2010,2010-11,,1,No,1/1/3011,,,1/25/2025,No,,3,,,No,,3,,,No,,No,,,,3,3,,,FALSE,,
39813643,NCT01772472,TRUE,TRUE,,TRUE,TRUE,,ACTUAL,ACTUAL,,,,7/25/2018,10/1/2019,ACTUAL,4/3/2013,4/3/2013,ACTUAL,1,Yes,9/9/2019,7/24/2019,9/9/2019,1/16/2025,Yes,6/18/2021,2,1059,1,Yes,6/20/2023,2,1791,1,Yes,6/18/2021,Yes,6/20/2023,,,1,1,-1308,-576,FALSE,,
40063041,NCT01817166,FALSE,FALSE,,FALSE,FALSE,,ACTUAL,ACTUAL,,,,1/4/2023,1/1/3011,,7/16/2013,7/16/2013,,1,No,1/1/3011,,,4/22/2025,No,,3,,,Yes,12/20/2023,2,350,0,No,,Yes,12/20/2023,,,3,1,,-489,FALSE,,
39282897,NCT01844505,TRUE,TRUE,,TRUE,TRUE,,ACTUAL,ACTUAL,,,,8/1/2016,9/26/2017,ACTUAL,6/11/2013,6/11/2013,ACTUAL,1,No,8/28/2017,7/14/2017,8/28/2017,9/15/2024,No,,3,,,No,,3,,,No,,No,,,,3,3,,,FALSE,,
40466065,NCT01872975,FALSE,FALSE,,FALSE,FALSE,,ACTUAL,ACTUAL,,,,9/14/2023,1/1/3011,,8/1/2013,2013-08,,1,No,1/1/3011,,,6/5/2025,No,,3,,,No,,3,,,No,,No,,,,3,3,,,FALSE,,
40174598,NCT02100722,TRUE,TRUE,,TRUE,TRUE,,ACTUAL,ACTUAL,,,,12/1/2020,1/20/2022,ACTUAL,8/25/2014,8/25/2014,ACTUAL,1,Yes,12/21/2021,11/24/2021,12/21/2021,3/30/2025,Yes,2/27/2018,1,-1008,0,Yes,2/27/2018,1,-1008,0,Yes,2/27/2018,Yes,2/27/2018,,,1,1,-2588,-2588,FALSE,,
39955120,NCT02315443,FALSE,FALSE,,FALSE,FALSE,,ACTUAL,ACTUAL,,,,3/27/2023,1/1/3011,ACTUAL,3/26/2015,3/26/2015,ACTUAL,1,No,1/1/3011,,,2/15/2025,No,,3,,,No,,3,,,No,,No,,,,3,3,,,FALSE,,
39665649,NCT02466737,FALSE,FALSE,,FALSE,FALSE,,ACTUAL,ACTUAL,,,,8/30/2024,1/1/3011,ACTUAL,9/1/2015,2015-09,ACTUAL,1,No,1/1/3011,,,12/12/2024,No,,3,,,No,,3,,,No,,No,,,,3,3,,,FALSE,,
39842010,NCT02509286,FALSE,FALSE,,FALSE,FALSE,,ESTIMATED,ESTIMATED,,,,5/1/2024,1/1/3011,,1/1/2016,2016-01,,1,No,1/1/3011,,,1/23/2025,No,,3,,,No,,3,,,No,,No,,,,3,3,,,FALSE,,
40097663,NCT02511106,TRUE,TRUE,,TRUE,TRUE,,ACTUAL,ACTUAL,,,,4/11/2022,7/27/2021,ACTUAL,10/21/2015,10/21/2015,ACTUAL,1,Yes,7/6/2021,1/15/2021,7/6/2021,3/17/2025,Yes,8/9/2023,2,485,1,Yes,6/23/2020,1,-657,0,Yes,8/9/2023,Yes,6/23/2020,,,1,1,-586,-1728,FALSE,,
40312587,NCT02653716,FALSE,FALSE,,FALSE,FALSE,,ACTUAL,ACTUAL,,,,12/8/2023,1/1/3011,ACTUAL,8/29/2017,8/29/2017,ACTUAL,1,No,1/1/3011,,,5/1/2025,No,,3,,,No,,3,,,No,,No,,,,3,3,,,FALSE,,
39826968,NCT02687464,FALSE,FALSE,,FALSE,FALSE,,ACTUAL,ACTUAL,,,,3/2/2023,1/1/3011,,1/20/2016,1/20/2016,,1,No,1/1/3011,,,1/18/2025,No,,3,,,No,,3,,,No,,No,,,,3,3,,,FALSE,,
39879593,NCT02754765,FALSE,FALSE,,FALSE,FALSE,,ACTUAL,ACTUAL,,,,6/1/2023,1/1/3011,ACTUAL,12/1/2016,2016-12,ACTUAL,1,No,1/1/3011,,,1/30/2025,No,,3,,,No,,3,,,No,,No,,,,3,3,,,FALSE,,
39555820,NCT02830360,FALSE,FALSE,,FALSE,FALSE,,ACTUAL,ACTUAL,,,,6/6/2024,1/1/3011,ACTUAL,10/1/2016,2016-10,ACTUAL,1,No,1/1/3011,,,11/16/2024,No,,3,,,No,,3,,,No,,No,,,,3,3,,,FALSE,,
40055521,NCT02872116,TRUE,TRUE,,TRUE,TRUE,,ACTUAL,ACTUAL,,,,5/27/2020,6/28/2022,ACTUAL,10/12/2016,10/12/2016,ACTUAL,1,Yes,6/23/2022,5/18/2022,6/23/2022,3/7/2025,Yes,9/16/2019,1,-254,0,Yes,5/19/2021,2,357,0,Yes,9/16/2019,Yes,5/19/2021,,,1,1,-1999,-1388,TRUE,5/26/2021,6/1/2021
39665585,NCT02926911,TRUE,TRUE,,TRUE,TRUE,,ACTUAL,ACTUAL,,,,6/27/2024,6/24/2025,ACTUAL,2/22/2017,2/22/2017,ACTUAL,1,No,6/5/2025,3/21/2025,6/5/2025,3/18/2025,Yes,5/2/2024,1,-56,0,Yes,5/2/2024,1,-56,0,Yes,5/2/2024,Yes,5/2/2024,,,1,1,-320,-320,FALSE,,
39847361,NCT02966483,FALSE,FALSE,,FALSE,FALSE,,ESTIMATED,ESTIMATED,,,,7/1/2026,1/1/3011,ACTUAL,4/1/2016,2016-04,ACTUAL,1,No,1/1/3011,,,3/4/2025,No,,3,,,No,,3,,,No,,No,,,,3,3,,,FALSE,,
40354045,NCT02990663,FALSE,FALSE,,FALSE,FALSE,,ACTUAL,ACTUAL,,,,12/22/2023,1/1/3011,ACTUAL,3/31/2017,3/31/2017,ACTUAL,1,No,1/1/3011,,,6/17/2025,No,,3,,,No,,3,,,No,,No,,,,3,3,,,FALSE,,
39565030,NCT03005145,FALSE,FALSE,,FALSE,FALSE,,ACTUAL,ACTUAL,,,,5/5/2023,1/1/3011,ACTUAL,2/24/2017,2/24/2017,ACTUAL,1,No,1/1/3011,,,11/20/2024,No,,3,,,No,,3,,,No,,No,,,,3,3,,,FALSE,,
40159390,NCT03036462,FALSE,FALSE,,FALSE,FALSE,,ACTUAL,ACTUAL,,,,5/2/2024,1/1/3011,ACTUAL,3/7/2017,3/7/2017,ACTUAL,1,No,1/1/3011,,,6/10/2025,No,,3,,,No,,3,,,No,,No,,,,3,3,,,FALSE,,
40354799,NCT03039673,FALSE,FALSE,,FALSE,FALSE,,ACTUAL,ACTUAL,,,,7/22/2021,1/1/3011,ACTUAL,6/19/2017,6/19/2017,ACTUAL,1,No,1/1/3011,,,5/9/2025,No,,3,,,No,,3,,,No,,No,,,,3,3,,,FALSE,,
39466903,NCT03042104,FALSE,FALSE,,FALSE,FALSE,,ACTUAL,ACTUAL,,,,3/31/2024,1/1/3011,ACTUAL,7/12/2017,7/12/2017,ACTUAL,1,Yes,1/1/3011,,,10/28/2024,No,,3,,,No,,3,,,No,,No,,,,3,3,,,FALSE,,
39555823,NCT03048825,FALSE,FALSE,,FALSE,FALSE,,ACTUAL,ACTUAL,,,,8/9/2024,1/1/3011,ACTUAL,2/1/2018,2/1/2018,ACTUAL,1,Yes,1/1/3011,,,11/17/2024,No,,3,,,No,,3,,,No,,No,,,,3,3,,,FALSE,,
39466640,NCT03094143,FALSE,FALSE,,FALSE,FALSE,,ACTUAL,ACTUAL,,,,7/1/2024,1/1/3011,ACTUAL,7/21/2017,7/21/2017,ACTUAL,1,No,1/1/3011,,,1/21/2025,No,,3,,,No,,3,,,No,,No,,,,3,3,,,FALSE,,
40174596,NCT03108456,FALSE,FALSE,,FALSE,FALSE,,ESTIMATED,ESTIMATED,,,,6/12/2024,1/1/3011,ACTUAL,3/27/2017,3/27/2017,ACTUAL,1,Yes,1/1/3011,,,3/30/2025,No,,3,,,No,,3,,,No,,No,,,,3,3,,,FALSE,,
40133524,NCT03108846,FALSE,FALSE,,FALSE,FALSE,,ACTUAL,ACTUAL,,,,4/5/2024,1/1/3011,ACTUAL,1/3/2018,1/3/2018,ACTUAL,1,Yes,1/1/3011,,,3/25/2025,No,,3,,,No,,3,,,No,,No,,,,3,3,,,FALSE,,
40195451,NCT03163732,FALSE,FALSE,,FALSE,FALSE,,ACTUAL,ACTUAL,,,,11/23/2021,1/1/3011,ACTUAL,6/29/2017,6/29/2017,ACTUAL,1,No,1/1/3011,,,4/7/2025,No,,3,,,No,,3,,,No,,No,,,,3,3,,,FALSE,,
39798982,NCT03181893,TRUE,TRUE,,TRUE,TRUE,,ACTUAL,ACTUAL,,,,5/27/2022,9/14/2023,ACTUAL,1/23/2018,1/23/2018,ACTUAL,1,Yes,5/26/2023,5/26/2023,9/8/2023,1/11/2025,Yes,9/20/2021,1,-249,0,Yes,6/9/2022,2,13,0,Yes,9/20/2021,Yes,6/9/2022,,,1,1,-1209,-947,FALSE,,
39908421,NCT03226743,FALSE,FALSE,,FALSE,FALSE,,ACTUAL,ACTUAL,,,,4/12/2021,1/1/3011,ACTUAL,7/12/2018,7/12/2018,ACTUAL,1,No,1/1/3011,,,3/7/2025,No,,3,,,No,,3,,,No,,No,,,,3,3,,,FALSE,,
39920394,NCT03249090,TRUE,TRUE,,TRUE,TRUE,,ACTUAL,ACTUAL,,,,3/30/2022,1/14/2025,ACTUAL,10/30/2017,10/30/2017,ACTUAL,1,No,1/10/2025,4/5/2023,1/10/2025,2/7/2025,Yes,12/5/2020,1,-480,0,Yes,9/30/2022,2,184,0,Yes,12/5/2020,Yes,9/30/2022,,,1,1,-1525,-861,FALSE,,
40023651,NCT03285438,FALSE,FALSE,,FALSE,FALSE,,ACTUAL,ACTUAL,,,,11/8/2023,1/1/3011,ACTUAL,11/2/2017,11/2/2017,ACTUAL,1,No,1/1/3011,,,3/1/2025,No,,3,,,No,,3,,,No,,No,,,,3,3,,,FALSE,,
39652675,NCT03301220,FALSE,TRUE,1,FALSE,TRUE,1,ACTUAL,ACTUAL,,5/1/2024,12/23/2025,5/1/2024,1/1/3011,ACTUAL,11/7/2017,11/7/2017,ACTUAL,1,Yes,1/1/3011,12/6/2025,12/6/2025,12/9/2024,No,,3,,,No,,3,,,Yes,9/23/2024,Yes,12/16/2020,1,1,1,1,-77,-1454,TRUE,4/30/2025,5/1/2025
39655786,NCT03309579,FALSE,FALSE,,FALSE,FALSE,,ACTUAL,ACTUAL,,,,7/10/2024,1/1/3011,ACTUAL,2/12/2018,2/12/2018,ACTUAL,1,No,1/1/3011,,,12/9/2024,Yes,9/3/2020,1,-1406,0,Yes,9/13/2024,2,65,0,Yes,9/3/2020,Yes,9/13/2024,,,1,1,-1558,-87,FALSE,,
40294395,NCT03340727,TRUE,TRUE,,TRUE,TRUE,,ACTUAL,ACTUAL,,,,1/23/2023,6/28/2024,ACTUAL,2/27/2019,2/27/2019,ACTUAL,1,Yes,5/7/2024,5/7/2024,6/4/2024,6/24/2025,Yes,12/16/2021,1,-403,0,Yes,12/12/2022,1,-42,0,Yes,12/16/2021,Yes,12/12/2022,,,1,1,-1286,-925,FALSE,,
39282913,NCT03375320,TRUE,TRUE,,TRUE,TRUE,,ACTUAL,ACTUAL,,,,8/23/2023,10/16/2024,ACTUAL,10/26/2018,10/26/2018,ACTUAL,1,Yes,8/20/2024,8/20/2024,9/25/2024,9/16/2024,Yes,12/7/2022,1,-259,0,Yes,12/7/2022,1,-259,0,Yes,12/7/2022,Yes,12/7/2022,,,1,1,-649,-649,FALSE,,
40163873,NCT03411356,FALSE,FALSE,,FALSE,FALSE,,ACTUAL,ACTUAL,,,,8/5/2022,1/1/3011,ACTUAL,12/22/2017,12/22/2017,ACTUAL,1,No,1/1/3011,,,4/1/2025,No,,3,,,No,,3,,,No,,No,,,,3,3,,,FALSE,,
39813042,NCT03424109,TRUE,TRUE,,TRUE,TRUE,,ACTUAL,ACTUAL,,,,12/31/2022,6/22/2025,ACTUAL,7/1/2019,7/1/2019,ACTUAL,1,No,6/4/2025,2/11/2025,6/4/2025,2/18/2025,Yes,10/30/2022,1,-62,0,Yes,10/30/2022,1,-62,0,Yes,10/30/2022,Yes,10/30/2022,,,1,1,-842,-842,FALSE,,
40079940,NCT03427827,FALSE,FALSE,,FALSE,FALSE,,ACTUAL,ACTUAL,,,,2/6/2024,1/1/3011,ACTUAL,7/2/2018,7/2/2018,ACTUAL,1,No,1/1/3011,,,5/13/2025,No,,3,,,No,,3,,,No,,No,,,,3,3,,,FALSE,,
40079944,NCT03452137,TRUE,TRUE,,TRUE,TRUE,,ACTUAL,ACTUAL,,,,9/27/2023,10/9/2024,ACTUAL,4/3/2018,4/3/2018,ACTUAL,1,Yes,9/16/2024,9/16/2024,9/16/2024,5/13/2025,Yes,2/24/2023,1,-215,0,Yes,3/30/2022,1,-546,0,Yes,2/24/2023,Yes,3/30/2022,,,1,1,-809,-1140,FALSE,,
39540799,NCT03476083,FALSE,FALSE,,FALSE,FALSE,,ESTIMATED,ESTIMATED,,,,5/1/2021,1/1/3011,ACTUAL,6/10/2018,6/10/2018,ACTUAL,1,Yes,1/1/3011,,,2/4/2025,No,,3,,,No,,3,,,No,,No,,,,3,3,,,FALSE,,
39453837,NCT03594110,TRUE,TRUE,,TRUE,TRUE,,ACTUAL,ACTUAL,,,,7/5/2022,7/27/2023,ACTUAL,1/31/2019,1/31/2019,ACTUAL,1,Yes,6/30/2023,6/30/2023,6/30/2023,10/25/2024,Yes,3/2/2019,1,-1221,0,Yes,6/20/2022,1,-15,0,Yes,1/13/2020,Yes,7/15/2022,,,1,1,-1747,-833,FALSE,,
39657981,NCT03643939,FALSE,FALSE,,FALSE,FALSE,,ACTUAL,ACTUAL,,,,11/30/2023,1/1/3011,ACTUAL,11/1/2019,11/1/2019,ACTUAL,1,No,1/1/3011,,,3/11/2025,No,,3,,,Yes,3/13/2023,1,-262,0,No,,Yes,3/13/2023,,,3,1,,-729,FALSE,,
39910273,NCT03652064,FALSE,TRUE,1,FALSE,TRUE,1,ACTUAL,ACTUAL,,5/7/2024,4/8/2026,5/7/2024,1/1/3011,ACTUAL,11/6/2018,11/6/2018,ACTUAL,1,Yes,1/1/3011,3/19/2026,3/19/2026,2/5/2025,No,,3,,,No,,3,,,Yes,3/14/2024,Yes,5/28/2021,1,1,1,1,-328,-1349,TRUE,5/6/2025,4/3/2025
40162636,NCT03692065,FALSE,FALSE,,FALSE,FALSE,,ACTUAL,ACTUAL,,,,9/6/2024,1/1/3011,ACTUAL,10/11/2018,10/11/2018,ACTUAL,1,No,1/1/3011,,,3/29/2025,No,,3,,,No,,3,,,No,,No,,,,3,3,,,FALSE,,
39838117,NCT03725059,FALSE,FALSE,,FALSE,FALSE,,ESTIMATED,ESTIMATED,,,,1/24/2031,1/1/3011,ACTUAL,12/27/2018,12/27/2018,ACTUAL,1,Yes,1/1/3011,,,1/21/2025,No,,3,,,No,,3,,,No,,No,,,,3,3,,,FALSE,,
40174237,NCT03725202,TRUE,TRUE,,TRUE,TRUE,,ACTUAL,ACTUAL,,,,2/6/2024,3/7/2025,ACTUAL,2/6/2019,1/24/2019,ACTUAL,1,Yes,1/30/2025,1/30/2025,2/25/2025,4/2/2025,Yes,5/31/2023,1,-251,0,Yes,2/14/2024,2,8,0,Yes,5/31/2023,Yes,2/14/2024,,,1,1,-672,-413,FALSE,,
40412428,NCT03734640,FALSE,FALSE,,FALSE,FALSE,,ACTUAL,ACTUAL,,,,12/1/2024,1/1/3011,ACTUAL,4/28/2021,4/28/2021,ACTUAL,1,No,1/1/3011,,,5/21/2025,No,,3,,,No,,3,,,No,,No,,,,3,3,,,FALSE,,
40412426,NCT03735667,TRUE,TRUE,,TRUE,TRUE,,ACTUAL,ACTUAL,,,,6/14/2024,4/27/2025,ACTUAL,6/10/2019,6/10/2019,ACTUAL,1,Yes,2/24/2025,2/24/2025,4/9/2025,5/21/2025,Yes,1/20/2023,1,-511,0,Yes,9/15/2023,1,-273,0,Yes,1/20/2023,Yes,9/15/2023,,,1,1,-852,-614,FALSE,,
39878993,NCT03773757,TRUE,TRUE,,TRUE,TRUE,,ACTUAL,ACTUAL,,,,1/7/2023,5/16/2024,ACTUAL,3/14/2019,3/14/2019,ACTUAL,1,No,5/6/2024,1/1/2024,5/6/2024,3/18/2025,Yes,4/10/2020,1,-1002,0,Yes,4/10/2020,1,-1002,0,Yes,4/10/2020,Yes,4/10/2020,,,1,1,-1803,-1803,FALSE,,
39798579,NCT03778957,FALSE,FALSE,,FALSE,FALSE,,ACTUAL,ACTUAL,,,,9/11/2023,1/1/3011,ACTUAL,11/30/2018,11/30/2018,ACTUAL,1,Yes,1/1/3011,,,1/8/2025,No,,3,,,No,,3,,,No,,No,,,,3,3,,,TRUE,8/27/2024,8/9/2024
40055520,NCT03779048,TRUE,TRUE,,TRUE,TRUE,,ACTUAL,ACTUAL,,,,5/25/2022,3/11/2025,ACTUAL,7/15/2019,7/15/2019,ACTUAL,1,Yes,5/9/2023,5/9/2023,2/20/2025,3/7/2025,Yes,5/5/2021,1,-385,0,Yes,5/5/2021,1,-385,0,Yes,5/5/2021,Yes,5/5/2021,,,1,1,-1402,-1402,FALSE,,
39908052,NCT03780673,FALSE,FALSE,,FALSE,FALSE,,ACTUAL,ACTUAL,,,,12/1/2022,1/1/3011,ACTUAL,1/3/2019,1/3/2019,ACTUAL,1,No,1/1/3011,,,3/11/2025,No,,3,,,No,,3,,,No,,No,,,,3,3,,,FALSE,,
39878968,NCT03786471,TRUE,TRUE,,TRUE,TRUE,,ACTUAL,ACTUAL,,,,8/21/2023,1/30/2025,ACTUAL,6/28/2019,6/28/2019,ACTUAL,1,No,1/7/2025,12/4/2024,1/7/2025,3/18/2025,Yes,7/1/2024,2,315,0,Yes,4/9/2024,2,232,0,Yes,7/1/2024,Yes,4/9/2024,,,1,1,-260,-343,FALSE,,
39555822,NCT03795298,TRUE,TRUE,,TRUE,TRUE,,ACTUAL,ACTUAL,,,,7/24/2024,9/18/2025,ACTUAL,5/20/2019,5/20/2019,ACTUAL,1,Yes,7/16/2025,7/16/2025,9/16/2025,11/16/2024,Yes,1/19/2022,1,-917,0,Yes,1/12/2024,1,-194,0,Yes,1/19/2022,Yes,1/12/2024,,,1,1,-1032,-309,FALSE,,
39992668,NCT03802591,FALSE,FALSE,,FALSE,FALSE,,ACTUAL,ACTUAL,,,,7/9/2023,1/1/3011,ACTUAL,3/28/2019,3/28/2019,ACTUAL,1,No,1/1/3011,,,4/15/2025,No,,3,,,No,,3,,,No,,No,,,,3,3,,,FALSE,,
39555827,NCT03808311,FALSE,FALSE,,FALSE,FALSE,,ACTUAL,ACTUAL,,,,5/31/2024,1/1/3011,ACTUAL,2/24/2019,2/24/2019,ACTUAL,1,No,1/1/3011,,,11/16/2024,No,,3,,,No,,3,,,No,,No,,,,3,3,,,FALSE,,
39863370,NCT03816397,TRUE,TRUE,,TRUE,TRUE,,ACTUAL,ACTUAL,,,,1/23/2025,3/26/2025,ACTUAL,3/15/2020,3/15/2020,ACTUAL,1,Yes,2/5/2025,2/5/2025,3/24/2025,1/25/2025,Yes,2/14/2024,1,-344,0,Yes,2/14/2024,1,-344,0,Yes,2/14/2024,Yes,2/14/2024,,,1,1,-346,-346,FALSE,,
39920395,NCT03835923,FALSE,FALSE,,FALSE,FALSE,,ACTUAL,ACTUAL,,,,12/16/2020,1/1/3011,ACTUAL,2/12/2019,2/12/2019,ACTUAL,1,No,1/1/3011,,,2/7/2025,No,,3,,,No,,3,,,No,,No,,,,3,3,,,FALSE,,
40175738,NCT03911687,TRUE,TRUE,,TRUE,TRUE,,ACTUAL,ACTUAL,,,,10/31/2022,5/9/2025,ACTUAL,7/21/2020,7/21/2020,ACTUAL,1,No,4/23/2025,4/4/2025,4/23/2025,4/2/2025,Yes,11/11/2016,1,-2180,0,Yes,11/11/2016,1,-2180,0,Yes,11/11/2016,Yes,11/11/2016,,,1,1,-3064,-3064,FALSE,,
40162642,NCT03914326,TRUE,TRUE,,TRUE,TRUE,,ACTUAL,ACTUAL,,,,6/29/2024,9/22/2025,ACTUAL,6/17/2019,6/17/2019,ACTUAL,1,Yes,8/10/2025,8/10/2025,9/19/2025,3/29/2025,Yes,1/26/2021,1,-1250,0,Yes,12/14/2022,1,-563,0,Yes,1/26/2021,Yes,12/14/2022,,,1,1,-1523,-836,FALSE,,
40044930,NCT03914612,TRUE,TRUE,,TRUE,TRUE,,ACTUAL,ACTUAL,,,,12/16/2022,3/18/2025,ACTUAL,8/22/2019,8/22/2019,ACTUAL,1,Yes,1/9/2024,1/9/2024,2/26/2025,3/5/2025,Yes,2/24/2023,2,70,0,Yes,2/24/2023,2,70,0,Yes,2/24/2023,Yes,2/24/2023,,,1,1,-740,-740,FALSE,,
40163863,NCT03925883,FALSE,FALSE,,FALSE,FALSE,,ACTUAL,ACTUAL,,,,6/5/2023,1/1/3011,ACTUAL,7/29/2019,7/29/2019,ACTUAL,1,No,1/1/3011,,,4/1/2025,Yes,12/4/2022,1,-183,0,Yes,2/15/2024,2,255,0,Yes,12/4/2022,Yes,2/15/2024,,,1,1,-849,-411,FALSE,,
40267424,NCT03969212,TRUE,TRUE,,TRUE,TRUE,,ACTUAL,ACTUAL,,,,5/10/2024,4/24/2025,ACTUAL,10/10/2019,10/10/2019,ACTUAL,1,Yes,2/21/2025,2/21/2025,4/7/2025,4/24/2025,Yes,3/29/2022,1,-773,0,Yes,8/6/2024,2,88,0,Yes,3/29/2022,Yes,8/6/2024,,,1,1,-1122,-261,FALSE,,
39621340,NCT03973931,TRUE,TRUE,,TRUE,TRUE,,ACTUAL,ACTUAL,,,,5/25/2023,4/2/2025,ACTUAL,7/1/2019,7/1/2019,ACTUAL,1,No,3/13/2025,12/6/2024,3/13/2025,1/7/2025,Yes,5/23/2023,1,-2,0,Yes,5/23/2023,1,-2,0,Yes,5/23/2023,Yes,5/23/2023,,,1,1,-595,-595,FALSE,,
39363100,NCT03980223,TRUE,TRUE,,TRUE,TRUE,,ACTUAL,ACTUAL,,,,6/12/2023,7/12/2024,ACTUAL,11/26/2019,11/26/2019,ACTUAL,1,Yes,5/1/2024,5/1/2024,6/18/2024,10/3/2024,Yes,5/27/2022,1,-381,0,Yes,2/23/2021,1,-839,0,Yes,5/27/2022,Yes,2/23/2021,,,1,1,-860,-1318,FALSE,,
40023176,NCT03996772,FALSE,FALSE,,FALSE,FALSE,,ACTUAL,ACTUAL,,,,5/31/2024,1/1/3011,ACTUAL,6/3/2019,6/3/2019,ACTUAL,1,No,1/1/3011,,,2/26/2025,No,,3,,,No,,3,,,No,,No,,,,3,3,,,FALSE,,
39874977,NCT04008030,TRUE,TRUE,,TRUE,TRUE,,ACTUAL,ACTUAL,,,,8/28/2024,9/22/2025,ACTUAL,8/5/2019,8/5/2019,ACTUAL,1,Yes,8/29/2025,8/29/2025,8/29/2025,1/25/2025,Yes,7/1/2024,1,-58,0,Yes,7/1/2024,1,-58,0,Yes,7/1/2024,Yes,7/1/2024,,,1,1,-208,-208,FALSE,,
40245902,NCT04010539,TRUE,TRUE,,TRUE,TRUE,,ACTUAL,ACTUAL,,,,10/10/2023,5/30/2024,ACTUAL,10/21/2019,10/21/2019,ACTUAL,1,Yes,5/1/2024,5/1/2024,5/1/2024,4/14/2025,Yes,8/10/2023,1,-61,0,Yes,10/13/2023,2,3,0,Yes,8/10/2023,Yes,10/13/2023,,,1,1,-613,-549,FALSE,,
39706209,NCT04033445,TRUE,TRUE,,TRUE,TRUE,,ACTUAL,ACTUAL,,,,9/19/2023,11/18/2024,ACTUAL,9/26/2019,9/26/2019,ACTUAL,1,Yes,9/18/2024,9/18/2024,10/25/2024,12/17/2024,Yes,9/12/2022,1,-372,0,Yes,9/8/2023,1,-11,0,Yes,9/12/2022,Yes,9/8/2023,,,1,1,-827,-466,FALSE,,
40349714,NCT04039607,FALSE,FALSE,,FALSE,FALSE,,ESTIMATED,ESTIMATED,,,,9/30/2026,1/1/3011,ACTUAL,9/30/2019,9/30/2019,ACTUAL,1,Yes,1/1/3011,,,5/8/2025,No,,3,,,No,,3,,,No,,No,,,,3,3,,,FALSE,,
39970397,NCT04059471,FALSE,FALSE,,FALSE,FALSE,,ACTUAL,ACTUAL,,,,3/30/2020,1/1/3011,ACTUAL,11/11/2019,11/11/2019,ACTUAL,1,No,1/1/3011,,,2/20/2025,No,,3,,,No,,3,,,No,,No,,,,3,3,,,FALSE,,
39658862,NCT04078594,FALSE,FALSE,,FALSE,FALSE,,ACTUAL,ACTUAL,,,,8/30/2021,1/1/3011,ACTUAL,10/1/2019,10/1/2019,ACTUAL,1,No,1/1/3011,,,3/4/2025,No,,3,,,No,,3,,,No,,No,,,,3,3,,,FALSE,,
40412427,NCT04097366,FALSE,FALSE,,FALSE,FALSE,,ACTUAL,ACTUAL,,,,9/30/2024,1/1/3011,ACTUAL,5/28/2019,5/28/2019,ACTUAL,1,No,1/1/3011,,,5/21/2025,No,,3,,,No,,3,,,No,,No,,,,3,3,,,FALSE,,
39838118,NCT04109066,TRUE,TRUE,,TRUE,TRUE,,ACTUAL,ACTUAL,,,,1/16/2023,3/12/2024,ACTUAL,11/18/2019,11/18/2019,ACTUAL,1,Yes,2/13/2024,1/12/2024,2/13/2024,1/21/2025,Yes,6/27/2022,1,-203,0,Yes,6/27/2022,1,-203,0,Yes,6/27/2022,Yes,6/27/2022,,,1,1,-939,-939,FALSE,,
40217077,NCT04128904,FALSE,FALSE,,FALSE,FALSE,,ACTUAL,ACTUAL,,,,12/14/2023,1/1/3011,ACTUAL,11/29/2019,11/29/2019,ACTUAL,1,No,1/1/3011,,,4/11/2025,No,,3,,,No,,3,,,No,,No,,,,3,3,,,FALSE,,
40305712,NCT04133909,TRUE,TRUE,,TRUE,TRUE,,ACTUAL,ACTUAL,,,,8/8/2024,8/15/2025,ACTUAL,10/30/2019,10/30/2019,ACTUAL,1,Yes,7/30/2025,7/30/2025,7/30/2025,5/1/2025,Yes,12/6/2021,1,-976,0,Yes,8/20/2024,2,12,0,Yes,12/6/2021,Yes,8/20/2024,,,1,1,-1242,-254,FALSE,,
40334156,NCT04152161,TRUE,TRUE,,TRUE,TRUE,,ACTUAL,ACTUAL,,,,5/14/2024,6/19/2025,ACTUAL,10/16/2019,10/16/2019,ACTUAL,1,No,6/4/2025,5/12/2025,6/4/2025,5/8/2025,Yes,7/21/2023,1,-298,0,Yes,10/16/2023,1,-211,0,Yes,7/21/2023,Yes,10/16/2023,,,1,1,-657,-570,FALSE,,
39213194,NCT04153149,FALSE,TRUE,1,FALSE,TRUE,1,ACTUAL,ACTUAL,,5/8/2024,10/21/2025,5/8/2024,1/1/3011,ACTUAL,11/26/2019,11/26/2019,ACTUAL,1,Yes,1/1/3011,6/18/2025,10/3/2025,8/30/2024,No,,3,,,No,,3,,,Yes,2/12/2024,Yes,5/30/2024,1,1,1,1,-200,-92,FALSE,,
40033113,NCT04153864,TRUE,TRUE,,TRUE,TRUE,,ACTUAL,ACTUAL,,,,2/26/2024,8/14/2025,ACTUAL,1/6/2020,1/6/2020,ACTUAL,1,No,7/28/2025,6/26/2025,7/28/2025,3/3/2025,Yes,10/25/2024,2,242,0,Yes,6/16/2023,1,-255,0,Yes,10/25/2024,Yes,6/16/2023,,,1,1,-129,-626,FALSE,,
40323617,NCT04171531,TRUE,TRUE,,TRUE,TRUE,,ACTUAL,ACTUAL,,,,2/12/2024,3/20/2025,ACTUAL,6/8/2020,6/8/2020,ACTUAL,1,Yes,2/12/2025,2/12/2025,3/14/2025,6/3/2025,Yes,2/12/2021,1,-1095,0,Yes,2/8/2024,1,-4,0,Yes,2/12/2021,Yes,2/8/2024,,,1,1,-1572,-481,FALSE,,
39536238,NCT04184622,TRUE,TRUE,,TRUE,TRUE,,ACTUAL,ACTUAL,,,,4/1/2022,4/24/2023,ACTUAL,12/4/2019,12/4/2019,ACTUAL,1,Yes,3/30/2023,3/30/2023,3/30/2023,11/13/2024,Yes,10/4/2021,1,-179,0,Yes,9/28/2021,1,-185,0,Yes,10/4/2021,Yes,9/28/2021,,,1,1,-1136,-1142,FALSE,,
39616603,NCT04193189,TRUE,TRUE,,TRUE,TRUE,,ACTUAL,ACTUAL,,,,8/13/2024,7/20/2025,ACTUAL,12/14/2020,12/14/2020,ACTUAL,1,Yes,5/21/2025,5/21/2025,7/16/2025,1/28/2025,Yes,2/18/2022,1,-907,0,Yes,1/6/2023,1,-585,0,Yes,12/13/2022,Yes,1/6/2023,,,1,1,-777,-753,FALSE,,
39927615,NCT04221477,FALSE,TRUE,1,FALSE,TRUE,1,ACTUAL,ACTUAL,,8/15/2024,11/6/2025,8/15/2024,1/1/3011,ACTUAL,8/10/2020,8/10/2020,ACTUAL,1,Yes,1/1/3011,8/13/2025,10/22/2025,2/7/2025,No,,3,,,No,,3,,,Yes,2/7/2024,Yes,7/19/2024,1,1,1,1,-366,-203,FALSE,,
39919773,NCT04232969,FALSE,FALSE,,FALSE,FALSE,,ESTIMATED,ACTUAL,1,2/24/2024,,2/24/2024,1/1/3011,ACTUAL,1/20/2020,1/20/2020,ACTUAL,1,No,1/1/3011,,,2/4/2025,No,,3,,,No,,3,,,No,,No,,,,3,3,,,FALSE,,
40098564,NCT04235608,FALSE,FALSE,,FALSE,FALSE,,ACTUAL,ACTUAL,,,,10/31/2023,1/1/3011,ACTUAL,5/3/2020,5/3/2020,ACTUAL,1,No,1/1/3011,,,5/13/2025,No,,3,,,No,,3,,,No,,No,,,,3,3,,,FALSE,,
40387025,NCT04250194,TRUE,TRUE,,TRUE,TRUE,,ACTUAL,ACTUAL,,,,6/10/2024,7/14/2025,ACTUAL,5/22/2020,5/22/2020,ACTUAL,1,Yes,5/20/2025,5/20/2025,7/11/2025,5/18/2025,Yes,3/29/2023,1,-439,0,Yes,3/29/2023,1,-439,0,Yes,3/29/2023,Yes,3/29/2023,,,1,1,-781,-781,FALSE,,
39775043,NCT04303169,FALSE,FALSE,,FALSE,FALSE,,ESTIMATED,ACTUAL,1,9/24/2025,,10/6/2025,1/1/3011,ACTUAL,6/26/2020,6/26/2020,ACTUAL,1,Yes,1/1/3011,,,1/7/2025,No,,3,,,No,,3,,,No,,No,,,,3,3,,,FALSE,,
40366680,NCT04331691,FALSE,FALSE,,FALSE,FALSE,,ACTUAL,ACTUAL,,,,5/23/2024,1/1/3011,ACTUAL,11/16/2020,11/16/2020,ACTUAL,1,No,1/1/3011,,,6/17/2025,No,,3,,,No,,3,,,No,,No,,,,3,3,,,FALSE,,
39775041,NCT04332276,FALSE,FALSE,,FALSE,FALSE,,ACTUAL,ACTUAL,,,,5/6/2024,1/1/3011,ACTUAL,9/18/2020,9/18/2020,ACTUAL,1,No,1/1/3011,,,1/7/2025,No,,3,,,No,,3,,,No,,No,,,,3,3,,,FALSE,,
40174597,NCT04397211,FALSE,FALSE,,FALSE,FALSE,,ESTIMATED,ESTIMATED,,,,9/1/2024,1/1/3011,ACTUAL,5/29/2020,5/29/2020,ACTUAL,1,No,1/1/3011,,,3/30/2025,No,,3,,,No,,3,,,No,,No,,,,3,3,,,FALSE,,
39565980,NCT04410146,FALSE,TRUE,1,FALSE,TRUE,1,ACTUAL,ACTUAL,,5/23/2024,6/4/2026,5/23/2024,1/1/3011,ACTUAL,11/1/2020,11/1/2020,ACTUAL,1,Yes,1/1/3011,2/26/2026,6/2/2026,11/20/2024,No,,3,,,No,,3,,,Yes,3/1/2023,Yes,4/16/2024,1,1,1,1,-630,-218,TRUE,4/28/2025,6/4/2026
40202623,NCT04410978,TRUE,TRUE,,TRUE,TRUE,,ACTUAL,ACTUAL,,,,7/15/2024,6/18/2025,ACTUAL,6/30/2020,6/30/2020,ACTUAL,1,Yes,6/3/2025,6/3/2025,6/3/2025,4/8/2025,Yes,12/20/2023,1,-208,0,Yes,7/10/2024,1,-5,0,Yes,12/20/2023,Yes,7/10/2024,,,1,1,-475,-272,FALSE,,
40202623,NCT04410991,TRUE,TRUE,,TRUE,TRUE,,ACTUAL,ACTUAL,,,,7/16/2024,6/18/2025,ACTUAL,6/11/2020,6/11/2020,ACTUAL,1,Yes,6/3/2025,6/3/2025,6/3/2025,4/8/2025,Yes,12/20/2023,1,-209,0,Yes,7/10/2024,1,-6,0,Yes,12/20/2023,Yes,7/10/2024,,,1,1,-475,-272,FALSE,,
40202696,NCT04411641,TRUE,TRUE,,TRUE,TRUE,,ACTUAL,ACTUAL,,,,8/29/2024,6/18/2025,ACTUAL,9/24/2020,9/24/2020,ACTUAL,1,Yes,6/3/2025,6/3/2025,6/3/2025,4/8/2025,Yes,12/20/2023,1,-253,0,Yes,4/30/2024,1,-121,0,Yes,12/20/2023,Yes,4/30/2024,,,1,1,-475,-343,FALSE,,
40174599,NCT04418479,FALSE,FALSE,,FALSE,FALSE,,ACTUAL,ACTUAL,,,,10/31/2024,1/1/3011,ACTUAL,8/10/2020,8/10/2020,ACTUAL,1,No,1/1/3011,,,3/30/2025,No,,3,,,No,,3,,,No,,No,,,,3,3,,,FALSE,,
39216096,NCT04437303,FALSE,FALSE,,FALSE,FALSE,,ACTUAL,ACTUAL,,,,3/21/2024,1/1/3011,ACTUAL,11/25/2020,11/25/2020,ACTUAL,1,No,1/1/3011,,,8/31/2024,No,,3,,,No,,3,,,No,,No,,,,3,3,,,FALSE,,
40187364,NCT04443023,FALSE,FALSE,,FALSE,FALSE,,ACTUAL,ACTUAL,,,,11/2/2023,1/1/3011,ACTUAL,6/15/2020,6/15/2020,ACTUAL,1,No,1/1/3011,,,4/2/2025,Yes,5/6/2023,1,-180,0,Yes,5/6/2023,1,-180,0,Yes,5/6/2023,Yes,5/6/2023,,,1,1,-697,-697,FALSE,,
39955119,NCT04462536,TRUE,TRUE,,TRUE,TRUE,,ACTUAL,ACTUAL,,,,8/31/2023,6/22/2025,ACTUAL,12/6/2020,12/6/2020,ACTUAL,1,Yes,5/20/2025,5/20/2025,6/4/2025,2/15/2025,Yes,6/1/2022,1,-456,0,Yes,6/1/2022,1,-456,0,Yes,6/1/2022,Yes,6/1/2022,,,1,1,-990,-990,FALSE,,
40517007,NCT04472429,TRUE,TRUE,,TRUE,TRUE,,ACTUAL,ACTUAL,,,,4/15/2024,5/23/2025,ACTUAL,1/12/2021,1/12/2021,ACTUAL,1,Yes,4/8/2025,4/8/2025,5/22/2025,6/14/2025,Yes,2/4/2025,2,295,0,Yes,11/8/2023,1,-159,0,Yes,2/4/2025,Yes,11/8/2023,,,1,1,-130,-584,FALSE,,
39475399,NCT04482062,FALSE,FALSE,,FALSE,FALSE,,ESTIMATED,ACTUAL,1,12/5/2025,,12/21/2025,1/1/3011,ACTUAL,4/9/2021,4/9/2021,ACTUAL,1,Yes,1/1/3011,,,10/30/2024,No,,3,,,No,,3,,,No,,No,,,,3,3,,,FALSE,,
39556379,NCT04497376,FALSE,FALSE,,FALSE,FALSE,,ACTUAL,ACTUAL,,,,7/18/2024,1/1/3011,ACTUAL,8/27/2021,8/27/2021,ACTUAL,1,No,1/1/3011,,,2/4/2025,No,,3,,,No,,3,,,No,,No,,,,3,3,,,FALSE,,
39775039,NCT04502823,FALSE,FALSE,,FALSE,FALSE,,ACTUAL,ACTUAL,,,,12/18/2022,1/1/3011,ACTUAL,9/21/2020,9/21/2020,ACTUAL,1,No,1/1/3011,,,1/7/2025,No,,3,,,No,,3,,,No,,No,,,,3,3,,,FALSE,,
40202593,NCT04524273,FALSE,TRUE,1,FALSE,TRUE,1,ACTUAL,ACTUAL,,5/28/2024,3/10/2026,5/28/2024,1/1/3011,ACTUAL,10/15/2020,10/15/2020,ACTUAL,1,Yes,1/1/3011,12/16/2025,3/6/2026,4/8/2025,No,,3,,,No,,3,,,Yes,9/18/2025,Yes,8/19/2024,1,1,2,1,163,-232,TRUE,2/14/2025,3/10/2026
39541094,NCT04540497,TRUE,TRUE,,TRUE,TRUE,,ACTUAL,ACTUAL,,,,4/9/2024,6/25/2025,ACTUAL,12/4/2020,12/4/2020,ACTUAL,1,Yes,4/15/2025,4/15/2025,6/19/2025,11/14/2024,Yes,8/8/2023,1,-245,0,Yes,5/15/2024,2,36,0,Yes,8/8/2023,Yes,5/15/2024,,,1,1,-464,-183,TRUE,3/31/2025,6/25/2025
40159556,NCT04551729,FALSE,FALSE,,FALSE,FALSE,,ACTUAL,ACTUAL,,,,9/23/2024,1/1/3011,ACTUAL,4/21/2021,4/21/2021,ACTUAL,1,No,1/1/3011,,,3/30/2025,Yes,11/30/2020,1,-1393,0,Yes,9/1/2023,1,-388,0,Yes,11/30/2020,Yes,9/1/2023,,,1,1,-1581,-576,FALSE,,
40169145,NCT04560998,TRUE,TRUE,,TRUE,TRUE,,ACTUAL,ACTUAL,,,,6/5/2024,7/8/2025,ACTUAL,10/1/2020,10/1/2020,ACTUAL,1,Yes,6/3/2025,6/3/2025,7/7/2025,3/29/2025,Yes,4/18/2023,1,-414,0,Yes,8/26/2024,2,82,0,Yes,4/18/2023,Yes,8/26/2024,,,1,1,-711,-215,FALSE,,
40460847,NCT04581473,FALSE,FALSE,,FALSE,FALSE,,ACTUAL,ACTUAL,,,,10/18/2024,1/1/3011,ACTUAL,10/23/2020,10/23/2020,ACTUAL,1,No,1/1/3011,,,5/31/2025,No,,3,,,No,,3,,,No,,No,,,,3,3,,,FALSE,,
40267423,NCT04594369,FALSE,TRUE,1,FALSE,TRUE,1,ACTUAL,ACTUAL,,10/28/2024,12/16/2025,10/28/2024,1/1/3011,ACTUAL,12/1/2020,12/1/2020,ACTUAL,1,Yes,1/1/3011,10/27/2025,11/28/2025,4/24/2025,No,,3,,,No,,3,,,Yes,2/14/2024,Yes,4/19/2024,1,1,1,1,-435,-370,FALSE,,
40075230,NCT04598165,TRUE,TRUE,,TRUE,TRUE,,ACTUAL,ACTUAL,,,,2/20/2023,8/15/2024,ACTUAL,9/7/2020,9/7/2020,ACTUAL,1,No,7/22/2024,5/31/2024,7/22/2024,3/12/2025,Yes,10/1/2021,1,-507,0,Yes,5/31/2024,2,466,1,Yes,10/1/2021,Yes,5/31/2024,,,1,1,-1258,-285,TRUE,1/9/2024,1/23/2024
40065169,NCT04603495,TRUE,TRUE,,TRUE,TRUE,,ACTUAL,ACTUAL,,,,8/23/2023,10/28/2024,ACTUAL,4/9/2021,4/9/2021,ACTUAL,1,Yes,8/23/2024,8/23/2024,10/25/2024,3/10/2025,Yes,10/4/2023,2,42,0,Yes,10/26/2023,2,64,0,Yes,10/4/2023,Yes,10/26/2023,,,1,1,-523,-501,FALSE,,
39671272,NCT04613674,FALSE,FALSE,,FALSE,FALSE,,ACTUAL,ACTUAL,,,,9/14/2023,1/1/3011,ACTUAL,12/9/2020,12/9/2020,ACTUAL,1,No,1/1/3011,,,2/25/2025,No,,3,,,No,,3,,,No,,No,,,,3,3,,,FALSE,,
39984634,NCT04622514,FALSE,FALSE,,FALSE,FALSE,,ACTUAL,ACTUAL,,,,5/9/2024,1/1/3011,ACTUAL,12/1/2020,12/1/2020,ACTUAL,1,No,1/1/3011,,,2/21/2025,No,,3,,,No,,3,,,No,,No,,,,3,3,,,FALSE,,
39602173,NCT04646811,FALSE,FALSE,,FALSE,FALSE,,ACTUAL,ACTUAL,,,,4/23/2024,1/1/3011,ACTUAL,2/10/2021,2/10/2021,ACTUAL,1,No,1/1/3011,,,1/14/2025,No,,3,,,No,,3,,,No,,No,,,,3,3,,,FALSE,,
39922675,NCT04681651,FALSE,FALSE,,FALSE,FALSE,,ACTUAL,ACTUAL,,,,5/5/2023,1/1/3011,ACTUAL,4/22/2021,4/22/2021,ACTUAL,1,No,1/1/3011,,,2/8/2025,No,,3,,,No,,3,,,No,,No,,,,3,3,,,FALSE,,
40162639,NCT04696185,FALSE,FALSE,,FALSE,FALSE,,ACTUAL,ACTUAL,,,,12/29/2024,1/1/3011,ACTUAL,1/27/2021,1/27/2021,ACTUAL,1,No,1/1/3011,,,3/29/2025,Yes,10/14/2020,1,-1537,0,Yes,10/14/2020,1,-1537,0,Yes,10/14/2020,Yes,10/14/2020,,,1,1,-1627,-1627,FALSE,,
39953289,NCT04702451,TRUE,TRUE,,TRUE,TRUE,,ACTUAL,ACTUAL,,,,12/27/2023,9/12/2025,ACTUAL,2/12/2021,2/12/2021,ACTUAL,1,Yes,3/25/2025,3/25/2025,9/11/2025,2/14/2025,Yes,7/6/2022,1,-539,0,Yes,2/19/2024,2,54,0,Yes,7/6/2022,Yes,2/19/2024,,,1,1,-954,-361,FALSE,,
39842011,NCT04755283,TRUE,TRUE,,TRUE,TRUE,,ACTUAL,ACTUAL,,,,2/15/2024,7/30/2025,ACTUAL,2/2/2021,2/2/2021,ACTUAL,1,Yes,4/3/2025,4/3/2025,7/29/2025,1/23/2025,Yes,4/18/2023,1,-303,0,Yes,7/24/2023,1,-206,0,Yes,4/18/2023,Yes,7/24/2023,,,1,1,-646,-549,TRUE,2/14/2025,7/30/2025
39709979,NCT04766879,FALSE,FALSE,,FALSE,FALSE,,ACTUAL,ACTUAL,,,,10/23/2023,1/1/3011,ACTUAL,3/2/2021,3/2/2021,ACTUAL,1,No,1/1/3011,,,12/19/2024,No,,3,,,No,,3,,,No,,No,,,,3,3,,,FALSE,,
39258838,NCT04775082,FALSE,FALSE,,FALSE,FALSE,,ACTUAL,ACTUAL,,,,8/1/2023,1/1/3011,ACTUAL,3/4/2021,3/4/2021,ACTUAL,1,Yes,1/1/3011,,,9/10/2024,No,,3,,,No,,3,,,No,,No,,,,3,3,,,TRUE,7/25/2024,4/24/2024
39555826,NCT04847557,TRUE,TRUE,,TRUE,TRUE,,ACTUAL,ACTUAL,,,,7/2/2024,8/20/2025,ACTUAL,4/20/2021,4/20/2021,ACTUAL,1,Yes,7/2/2025,7/2/2025,8/15/2025,11/16/2024,Yes,2/14/2024,1,-139,0,Yes,6/26/2024,1,-6,0,Yes,2/14/2024,Yes,6/26/2024,,,1,1,-276,-143,FALSE,,
40106374,NCT04851964,FALSE,TRUE,1,FALSE,TRUE,1,ACTUAL,ACTUAL,,9/23/2024,1/27/2026,9/23/2024,1/1/3011,ACTUAL,4/22/2021,4/22/2021,ACTUAL,1,Yes,1/1/3011,9/12/2025,1/8/2026,3/1/2025,No,,3,,,No,,3,,,Yes,1/17/2024,Yes,8/21/2024,1,1,1,1,-409,-192,FALSE,,
39455729,NCT04889183,FALSE,FALSE,,FALSE,FALSE,,ACTUAL,ACTUAL,,,,5/28/2024,1/1/3011,ACTUAL,3/14/2022,3/14/2022,ACTUAL,1,No,1/1/3011,,,10/25/2024,No,,3,,,No,,3,,,No,,No,,,,3,3,,,FALSE,,
40167274,NCT04896008,TRUE,TRUE,,TRUE,TRUE,,ACTUAL,ACTUAL,,,,7/26/2024,8/22/2025,ACTUAL,12/1/2021,12/1/2021,ACTUAL,1,Yes,7/3/2025,7/3/2025,8/5/2025,3/31/2025,Yes,4/23/2024,1,-94,0,Yes,10/16/2024,2,82,0,Yes,4/23/2024,Yes,10/16/2024,,,1,1,-342,-166,FALSE,,
39747681,NCT04911660,FALSE,FALSE,,FALSE,FALSE,,ACTUAL,ACTUAL,,,,3/30/2023,1/1/3011,ACTUAL,8/25/2021,8/25/2021,ACTUAL,1,No,1/1/3011,,,1/2/2025,No,,3,,,No,,3,,,No,,No,,,,3,3,,,FALSE,,
40473450,NCT04924608,FALSE,TRUE,1,FALSE,TRUE,1,ACTUAL,ACTUAL,,8/5/2024,10/20/2025,8/5/2024,1/1/3011,ACTUAL,11/19/2021,11/19/2021,ACTUAL,1,Yes,1/1/3011,8/5/2025,10/1/2025,6/2/2025,No,,3,,,No,,3,,,Yes,11/3/2023,Yes,8/30/2024,1,1,1,1,-577,-276,FALSE,,
39602624,NCT04925752,TRUE,TRUE,,TRUE,TRUE,,ACTUAL,ACTUAL,,,,8/5/2024,9/17/2025,ACTUAL,6/28/2021,6/28/2021,ACTUAL,1,Yes,7/23/2025,7/23/2025,8/28/2025,11/27/2024,Yes,10/21/2024,2,77,0,Yes,8/20/2024,2,15,0,Yes,10/21/2024,Yes,8/20/2024,,,1,1,-37,-99,FALSE,,
39660834,NCT04975308,TRUE,TRUE,,TRUE,TRUE,,ACTUAL,ACTUAL,,,,6/24/2024,7/11/2025,ACTUAL,10/4/2021,10/4/2021,ACTUAL,1,Yes,6/23/2025,6/23/2025,7/9/2025,12/11/2024,Yes,7/31/2023,1,-329,0,Yes,8/24/2023,1,-305,0,Yes,7/31/2023,Yes,8/24/2023,,,1,1,-499,-475,FALSE,,
39843940,NCT05008783,FALSE,FALSE,,FALSE,FALSE,,ESTIMATED,ACTUAL,1,12/6/2024,,4/18/2025,1/1/3011,ACTUAL,9/17/2021,9/17/2021,ACTUAL,1,No,1/1/3011,,,1/22/2025,No,,3,,,No,,3,,,No,,No,,,,3,3,,,FALSE,,
39908430,NCT05029414,FALSE,FALSE,,FALSE,FALSE,,ACTUAL,ACTUAL,,,,10/10/2024,1/1/3011,ACTUAL,12/9/2021,12/9/2021,ACTUAL,1,No,1/1/3011,,,2/5/2025,No,,3,,,No,,3,,,No,,No,,,,3,3,,,FALSE,,
40043237,NCT05032157,TRUE,TRUE,,TRUE,TRUE,,ACTUAL,ACTUAL,,,,12/18/2023,11/1/2024,ACTUAL,12/1/2021,12/1/2021,ACTUAL,1,Yes,10/7/2024,10/7/2024,10/7/2024,3/6/2025,Yes,5/23/2022,1,-574,0,Yes,1/24/2024,2,37,0,Yes,5/23/2022,Yes,1/24/2024,,,1,1,-1018,-407,FALSE,,
40341827,NCT05039450,FALSE,FALSE,,FALSE,FALSE,,ACTUAL,ACTUAL,,,,8/25/2023,1/1/3011,ACTUAL,7/30/2021,7/30/2021,ACTUAL,1,Yes,1/1/3011,,,5/9/2025,No,,3,,,No,,3,,,No,,No,,,,3,3,,,FALSE,,
40158526,NCT05072080,TRUE,TRUE,,TRUE,TRUE,,ACTUAL,ACTUAL,,,,4/3/2023,8/30/2024,ACTUAL,9/29/2021,9/29/2021,ACTUAL,1,Yes,4/2/2024,4/2/2024,8/6/2024,3/27/2025,Yes,3/20/2023,1,-14,0,Yes,3/20/2023,1,-14,0,Yes,3/20/2023,Yes,3/20/2023,,,1,1,-738,-738,TRUE,11/22/2023,8/30/2024
39225259,NCT05089084,FALSE,TRUE,1,FALSE,TRUE,1,ACTUAL,ACTUAL,,4/29/2024,2/4/2026,4/29/2024,1/1/3011,ACTUAL,1/11/2022,12/14/2021,ACTUAL,1,Yes,1/1/3011,12/18/2025,2/2/2026,9/2/2024,No,,3,,,No,,3,,,Yes,11/8/2024,Yes,5/6/2024,1,1,2,1,67,-119,TRUE,4/28/2025,2/4/2026
40473449,NCT05091567,FALSE,TRUE,1,FALSE,TRUE,1,ACTUAL,ACTUAL,,7/29/2024,12/29/2025,2/12/2025,1/1/3011,ACTUAL,11/18/2021,11/18/2021,ACTUAL,1,Yes,1/1/3011,11/21/2025,12/9/2025,6/2/2025,No,,3,,,No,,3,,,Yes,3/5/2025,Yes,5/10/2024,1,1,1,1,-89,-388,FALSE,,
40086461,NCT05093829,TRUE,TRUE,,TRUE,TRUE,,ACTUAL,ACTUAL,,,,3/10/2023,5/7/2024,ACTUAL,3/24/2022,3/24/2022,ACTUAL,1,No,4/10/2024,3/1/2024,4/10/2024,3/11/2025,Yes,5/23/2023,2,74,0,Yes,6/2/2023,2,84,0,Yes,5/23/2023,Yes,6/2/2023,,,1,1,-658,-648,FALSE,,
39385046,NCT05096221,TRUE,TRUE,,TRUE,TRUE,,ACTUAL,ACTUAL,,,,10/4/2023,12/10/2024,ACTUAL,10/27/2021,10/27/2021,ACTUAL,1,Yes,10/4/2024,10/4/2024,11/22/2024,10/9/2024,Yes,5/28/2024,2,237,0,Yes,5/28/2024,2,237,0,Yes,5/28/2024,Yes,5/28/2024,,,1,1,-134,-134,FALSE,,
39445704,NCT05120830,FALSE,FALSE,,FALSE,FALSE,,ACTUAL,ACTUAL,,,,4/4/2024,1/1/3011,ACTUAL,12/10/2021,12/10/2021,ACTUAL,1,No,1/1/3011,,,10/24/2024,No,,3,,,No,,3,,,No,,No,,,,3,3,,,FALSE,,
39657224,NCT05146700,FALSE,FALSE,,FALSE,FALSE,,ACTUAL,ACTUAL,,,,10/12/2023,1/1/3011,ACTUAL,12/10/2021,12/10/2021,ACTUAL,1,No,1/1/3011,,,2/11/2025,No,,3,,,No,,3,,,No,,No,,,,3,3,,,FALSE,,
39908448,NCT05151172,FALSE,FALSE,,FALSE,FALSE,,ESTIMATED,ESTIMATED,,,,12/31/2025,1/1/3011,ACTUAL,4/15/2022,4/15/2022,ACTUAL,1,Yes,1/1/3011,,,2/5/2025,No,,3,,,No,,3,,,No,,No,,,,3,3,,,FALSE,,
39433921,NCT05202119,FALSE,TRUE,1,FALSE,TRUE,1,ACTUAL,ACTUAL,,6/6/2023,4/22/2026,6/6/2023,1/1/3011,ACTUAL,5/1/2022,5/12/2022,ACTUAL,1,Yes,1/1/3011,2/27/2026,4/1/2026,10/21/2024,Yes,1/10/2023,1,-147,0,No,,3,,,Yes,1/10/2023,Yes,1/13/2023,,1,1,1,-650,-647,FALSE,,
39480221,NCT05205031,FALSE,FALSE,,FALSE,FALSE,,ACTUAL,ACTUAL,,,,5/5/2024,1/1/3011,ACTUAL,3/1/2022,3/1/2022,ACTUAL,1,No,1/1/3011,,,10/31/2024,No,,3,,,No,,3,,,No,,No,,,,3,3,,,FALSE,,
39794615,NCT05205928,FALSE,FALSE,,FALSE,FALSE,,ACTUAL,ACTUAL,,,,4/15/2024,1/1/3011,ACTUAL,10/2/2022,10/2/2022,ACTUAL,1,No,1/1/3011,,,1/10/2025,Yes,12/6/2022,1,-496,0,Yes,12/6/2022,1,-496,0,Yes,12/6/2022,Yes,12/6/2022,,,1,1,-766,-766,FALSE,,
40121537,NCT05220501,FALSE,TRUE,1,FALSE,TRUE,1,ACTUAL,ACTUAL,,9/6/2024,11/10/2025,9/6/2024,1/1/3011,ACTUAL,12/15/2021,12/15/2021,ACTUAL,1,Yes,1/1/3011,6/19/2025,10/22/2025,5/20/2025,No,,3,,,No,,3,,,Yes,7/26/2023,Yes,7/26/2023,1,1,1,1,-664,-664,FALSE,,
40065171,NCT05233774,FALSE,FALSE,,FALSE,FALSE,,ACTUAL,ACTUAL,,,,9/29/2023,1/1/3011,ACTUAL,12/28/2021,12/28/2021,ACTUAL,1,Yes,1/1/3011,,,3/10/2025,No,,3,,,No,,3,,,No,,No,,,,3,3,,,FALSE,,
39762418,NCT05245474,FALSE,FALSE,,FALSE,FALSE,,ESTIMATED,ESTIMATED,,,,3/1/2024,1/1/3011,ACTUAL,4/1/2022,4/1/2022,ACTUAL,1,No,1/1/3011,,,1/6/2025,No,,3,,,No,,3,,,No,,No,,,,3,3,,,FALSE,,
40179932,NCT05256654,TRUE,TRUE,,TRUE,TRUE,,ACTUAL,ACTUAL,,,,3/4/2024,3/17/2025,ACTUAL,7/20/2022,7/20/2022,ACTUAL,1,Yes,3/3/2025,3/3/2025,3/3/2025,3/31/2025,Yes,2/14/2023,1,-384,0,Yes,6/2/2023,1,-276,0,Yes,2/14/2023,Yes,6/2/2023,,,1,1,-776,-668,FALSE,,
40473448,NCT05257408,FALSE,FALSE,,FALSE,FALSE,,ACTUAL,ACTUAL,,,,3/24/2025,1/1/3011,ACTUAL,6/29/2022,6/29/2022,ACTUAL,1,Yes,1/1/3011,,,6/2/2025,No,,3,,,No,,3,,,No,,No,,,,3,3,,,FALSE,,
40252681,NCT05259722,TRUE,TRUE,,TRUE,TRUE,,ACTUAL,ACTUAL,,,,11/8/2023,3/14/2025,ACTUAL,6/15/2022,6/15/2022,ACTUAL,1,No,2/24/2025,10/9/2024,2/24/2025,4/16/2025,Yes,6/29/2022,1,-497,0,Yes,6/29/2022,1,-497,0,Yes,6/29/2022,Yes,6/29/2022,,,1,1,-1022,-1022,FALSE,,
40037388,NCT05274750,FALSE,TRUE,1,FALSE,TRUE,1,ACTUAL,ACTUAL,,7/30/2024,12/3/2025,7/30/2024,1/1/3011,ACTUAL,4/22/2022,4/22/2022,ACTUAL,1,Yes,1/1/3011,7/30/2025,11/27/2025,3/1/2025,No,,3,,,No,,3,,,Yes,6/26/2024,Yes,7/15/2024,1,1,1,1,-248,-229,FALSE,,
40562047,NCT05275400,TRUE,TRUE,,TRUE,TRUE,,ACTUAL,ACTUAL,,,,5/15/2024,6/3/2025,ACTUAL,3/8/2022,3/8/2022,ACTUAL,1,Yes,5/15/2025,5/15/2025,5/15/2025,6/22/2025,Yes,5/13/2022,1,-733,0,Yes,5/27/2024,2,12,0,Yes,5/13/2022,Yes,5/27/2024,,,1,1,-1136,-391,FALSE,,
39775037,NCT05310721,FALSE,FALSE,,FALSE,FALSE,,ACTUAL,ACTUAL,,,,3/6/2023,1/1/3011,ACTUAL,4/11/2022,4/11/2022,ACTUAL,1,No,1/1/3011,,,1/7/2025,No,,3,,,No,,3,,,No,,No,,,,3,3,,,FALSE,,
40387033,NCT05321069,TRUE,TRUE,,TRUE,TRUE,,ACTUAL,ACTUAL,,,,8/16/2024,9/12/2025,ACTUAL,10/6/2022,10/6/2022,ACTUAL,1,Yes,8/13/2025,8/13/2025,9/11/2025,5/18/2025,Yes,9/20/2023,1,-331,0,Yes,8/19/2024,2,3,0,Yes,9/20/2023,Yes,8/19/2024,,,1,1,-606,-272,FALSE,,
40388329,NCT05321082,FALSE,TRUE,1,FALSE,TRUE,1,ACTUAL,ACTUAL,,12/18/2024,1/9/2026,12/18/2024,1/1/3011,ACTUAL,11/16/2022,11/16/2022,ACTUAL,1,Yes,1/1/3011,12/17/2025,12/17/2025,5/19/2025,No,,3,,,No,,3,,,Yes,9/21/2023,Yes,12/30/2024,1,1,1,1,-606,-140,FALSE,,
40217078,NCT05347134,FALSE,FALSE,,FALSE,FALSE,,ACTUAL,ACTUAL,,,,11/30/2023,1/1/3011,ACTUAL,6/10/2022,6/10/2022,ACTUAL,1,No,1/1/3011,,,4/11/2025,No,,3,,,No,,3,,,No,,No,,,,3,3,,,FALSE,,
40158524,NCT05349617,TRUE,TRUE,,TRUE,TRUE,,ACTUAL,ACTUAL,,,,6/19/2023,12/13/2024,ACTUAL,5/12/2022,5/12/2022,ACTUAL,1,Yes,10/29/2024,10/29/2024,12/10/2024,3/27/2025,Yes,3/31/2023,1,-80,0,Yes,3/31/2023,1,-80,0,Yes,3/31/2023,Yes,3/31/2023,,,1,1,-727,-727,TRUE,6/18/2024,12/13/2024
40266580,NCT05367492,TRUE,TRUE,,TRUE,TRUE,,ACTUAL,ACTUAL,,,,3/20/2024,4/27/2025,ACTUAL,6/22/2022,6/22/2022,ACTUAL,1,Yes,3/21/2025,3/21/2025,4/15/2025,6/3/2025,Yes,1/10/2024,1,-70,0,Yes,6/13/2024,2,85,0,Yes,1/10/2024,Yes,6/13/2024,,,1,1,-510,-355,FALSE,,
39869911,NCT05394376,FALSE,FALSE,,FALSE,FALSE,,ACTUAL,ACTUAL,,,,6/1/2023,1/1/3011,ACTUAL,8/9/2022,8/9/2022,ACTUAL,1,No,1/1/3011,,,1/28/2025,No,,3,,,No,,3,,,No,,No,,,,3,3,,,FALSE,,
40088914,NCT05408169,FALSE,FALSE,,FALSE,FALSE,,ACTUAL,ACTUAL,,,,10/3/2022,1/1/3011,ACTUAL,6/20/2022,6/20/2022,ACTUAL,1,No,1/1/3011,,,3/12/2025,No,,3,,,No,,3,,,No,,No,,,,3,3,,,FALSE,,
40174223,NCT05429476,FALSE,FALSE,,FALSE,FALSE,,ACTUAL,ACTUAL,,,,8/15/2024,1/1/3011,ACTUAL,8/17/2022,8/17/2022,ACTUAL,1,No,1/1/3011,,,4/3/2025,No,,3,,,No,,3,,,No,,No,,,,3,3,,,FALSE,,
40562048,NCT05462756,TRUE,TRUE,,TRUE,TRUE,,ACTUAL,ACTUAL,,,,2/27/2024,4/27/2025,ACTUAL,8/11/2022,8/11/2022,ACTUAL,1,Yes,2/27/2025,2/27/2025,4/10/2025,6/22/2025,Yes,10/17/2022,1,-498,0,Yes,3/18/2024,2,20,0,Yes,10/17/2022,Yes,3/18/2024,,,1,1,-979,-461,FALSE,,
39753962,NCT05468606,FALSE,FALSE,,FALSE,FALSE,,ESTIMATED,ESTIMATED,,,,12/1/2024,1/1/3011,ACTUAL,2/3/2023,2/3/2023,ACTUAL,1,No,1/1/3011,,,1/3/2025,No,,3,,,No,,3,,,No,,No,,,,3,3,,,FALSE,,
39775042,NCT05474755,FALSE,FALSE,,FALSE,FALSE,,ACTUAL,ACTUAL,,,,4/25/2023,1/1/3011,ACTUAL,7/28/2022,7/28/2022,ACTUAL,1,No,1/1/3011,,,1/7/2025,No,,3,,,No,,3,,,No,,No,,,,3,3,,,FALSE,,
39928308,NCT05490290,FALSE,FALSE,,FALSE,FALSE,,ACTUAL,ACTUAL,,,,5/30/2024,1/1/3011,ACTUAL,12/1/2022,12/1/2022,ACTUAL,1,No,1/1/3011,,,4/8/2025,No,,3,,,No,,3,,,No,,No,,,,3,3,,,FALSE,,
40057343,NCT05499390,FALSE,FALSE,,FALSE,FALSE,,ACTUAL,ACTUAL,,,,1/29/2024,1/1/3011,ACTUAL,11/9/2022,11/9/2022,ACTUAL,1,No,1/1/3011,,,3/8/2025,No,,3,,,No,,3,,,No,,No,,,,3,3,,,FALSE,,
40156829,NCT05523297,TRUE,TRUE,,TRUE,TRUE,,ACTUAL,ACTUAL,,,,6/27/2024,8/15/2025,ACTUAL,11/30/2022,11/30/2022,ACTUAL,1,Yes,5/23/2025,5/23/2025,8/12/2025,5/27/2025,Yes,8/25/2023,1,-307,0,Yes,10/28/2024,2,123,0,Yes,8/25/2023,Yes,10/28/2024,,,1,1,-641,-211,FALSE,,
40162734,NCT05534581,FALSE,FALSE,,FALSE,FALSE,,ACTUAL,ACTUAL,,,,1/1/2025,1/1/3011,ACTUAL,9/26/2022,9/26/2022,ACTUAL,1,No,1/1/3011,,,3/31/2025,No,,3,,,No,,3,,,No,,No,,,,3,3,,,FALSE,,
40239067,NCT05559099,FALSE,TRUE,1,FALSE,TRUE,1,ACTUAL,ACTUAL,,9/3/2024,10/9/2025,9/3/2024,1/1/3011,ACTUAL,10/10/2022,10/10/2022,ACTUAL,1,Yes,1/1/3011,8/14/2025,9/22/2025,4/17/2025,No,,3,,,No,,3,,,Yes,1/24/2024,Yes,2/21/2024,1,1,1,1,-449,-421,FALSE,,
39556768,NCT05563246,TRUE,TRUE,,TRUE,TRUE,,ACTUAL,ACTUAL,,,,3/14/2024,3/25/2025,ACTUAL,11/24/2022,11/24/2022,ACTUAL,1,Yes,3/11/2025,3/11/2025,3/11/2025,1/21/2025,Yes,7/28/2022,1,-595,0,Yes,9/20/2023,1,-176,0,Yes,7/28/2022,Yes,9/20/2023,,,1,1,-908,-489,FALSE,,
40183678,NCT05564039,TRUE,TRUE,,TRUE,TRUE,,ACTUAL,ACTUAL,,,,7/15/2024,8/3/2025,ACTUAL,11/30/2022,11/30/2022,ACTUAL,1,Yes,7/15/2025,7/15/2025,7/15/2025,4/4/2025,Yes,3/9/2023,1,-494,0,Yes,12/1/2022,1,-592,0,Yes,3/9/2023,Yes,12/1/2022,,,1,1,-757,-855,FALSE,,
40162643,NCT05565742,TRUE,TRUE,,TRUE,TRUE,,ACTUAL,ACTUAL,,,,10/23/2023,5/28/2025,ACTUAL,10/20/2022,10/20/2022,ACTUAL,1,Yes,4/17/2025,4/17/2025,5/12/2025,3/30/2025,Yes,7/19/2022,1,-461,0,Yes,10/24/2023,2,1,0,Yes,7/19/2022,Yes,10/24/2023,,,1,1,-985,-523,TRUE,4/4/2024,5/28/2025
40421736,NCT05607680,FALSE,FALSE,,FALSE,FALSE,,ACTUAL,ACTUAL,,,,8/21/2023,1/1/3011,ACTUAL,11/14/2022,11/14/2022,ACTUAL,1,No,1/1/3011,,,5/25/2025,No,,3,,,No,,3,,,No,,No,,,,3,3,,,FALSE,,
40367374,NCT05687903,TRUE,TRUE,,TRUE,TRUE,,ACTUAL,ACTUAL,,,,12/14/2023,1/9/2025,ACTUAL,1/9/2023,1/9/2023,ACTUAL,1,Yes,12/13/2024,12/13/2024,12/13/2024,5/15/2025,Yes,8/17/2022,1,-484,0,Yes,12/11/2023,1,-3,0,Yes,8/17/2022,Yes,12/11/2023,,,1,1,-1002,-521,FALSE,,
40267417,NCT05769608,FALSE,FALSE,,FALSE,FALSE,,ACTUAL,ACTUAL,,,,1/15/2025,1/1/3011,ACTUAL,3/13/2023,3/13/2023,ACTUAL,1,Yes,1/1/3011,,,4/23/2025,No,,3,,,No,,3,,,No,,No,,,,3,3,,,TRUE,1/13/2026,2/18/2025
40105270,NCT05785832,TRUE,TRUE,,TRUE,TRUE,,ACTUAL,ACTUAL,,,,9/24/2024,6/3/2025,ACTUAL,6/1/2023,6/1/2023,ACTUAL,1,Yes,4/3/2025,4/3/2025,5/14/2025,3/19/2025,Yes,10/31/2023,1,-329,0,Yes,4/18/2023,1,-525,0,Yes,10/31/2023,Yes,4/18/2023,,,1,1,-505,-701,FALSE,,
40102593,NCT05827926,FALSE,TRUE,1,FALSE,TRUE,1,ACTUAL,ACTUAL,,12/3/2024,12/23/2025,12/3/2024,1/1/3011,ACTUAL,4/14/2023,4/14/2023,ACTUAL,1,Yes,1/1/3011,12/3/2025,12/3/2025,3/18/2025,No,,3,,,No,,3,,,Yes,3/14/2024,Yes,1/6/2025,1,1,1,1,-369,-71,FALSE,,
40383129,NCT05896254,FALSE,FALSE,,FALSE,FALSE,,ACTUAL,ACTUAL,,,,12/13/2024,1/1/3011,ACTUAL,7/22/2023,7/22/2023,ACTUAL,1,Yes,1/1/3011,,,5/15/2025,No,,3,,,No,,3,,,No,,No,,,,3,3,,,TRUE,11/6/2025,1/30/2025
40347969,NCT06005597,FALSE,TRUE,1,FALSE,TRUE,1,ACTUAL,ACTUAL,,9/25/2024,10/8/2025,9/25/2024,1/1/3011,ACTUAL,3/1/2024,3/1/2024,ACTUAL,1,Yes,1/1/3011,9/18/2025,9/18/2025,5/7/2025,No,,3,,,No,,3,,,Yes,10/9/2024,Yes,10/22/2024,1,1,1,1,-210,-197,FALSE,,
40332892,NCT06097273,TRUE,TRUE,,TRUE,TRUE,,ACTUAL,ACTUAL,,,,5/28/2024,6/13/2025,ACTUAL,10/19/2023,10/19/2023,ACTUAL,1,Yes,5/28/2025,5/28/2025,5/28/2025,6/10/2025,Yes,3/22/2024,1,-67,0,Yes,3/25/2024,1,-64,0,Yes,3/22/2024,Yes,3/25/2024,,,1,1,-445,-442,FALSE,,
39910272,NCT06208423,FALSE,FALSE,,FALSE,FALSE,,ACTUAL,ACTUAL,,,,4/19/2024,1/1/3011,ACTUAL,12/28/2023,12/28/2023,ACTUAL,1,No,1/1/3011,,,2/5/2025,No,,3,,,No,,3,,,No,,No,,,,3,3,,,FALSE,,
40195450,NCT06227689,FALSE,FALSE,,FALSE,FALSE,,ESTIMATED,ESTIMATED,,,,6/30/2024,1/1/3011,ACTUAL,1/18/2024,1/18/2024,ACTUAL,1,No,1/1/3011,,,4/7/2025,No,,3,,,No,,3,,,No,,No,,,,3,3,,,FALSE,,
40578851,NCT04393194,FALSE,FALSE,,FALSE,FALSE,,ESTIMATED,ESTIMATED,,,,6/1/2022,1/1/3011,ESTIMATED,5/24/2020,5/24/2020,ESTIMATED,1,No,1/1/3011,,,6/27/2025,No,,3,,,No,,3,,,No,,No,,,,3,3,,,FALSE,,
40473437,NCT05631262,FALSE,FALSE,,FALSE,FALSE,,ESTIMATED,ESTIMATED,,,,12/30/2025,1/1/3011,ACTUAL,11/30/2022,11/30/2022,ACTUAL,1,No,1/1/3011,,,6/5/2025,No,,3,,,No,,3,,,No,,No,,,,3,3,,,FALSE,,
40472026,NCT04810650,TRUE,TRUE,,TRUE,TRUE,,ACTUAL,ACTUAL,,,,10/16/2023,2/6/2025,ACTUAL,4/15/2021,4/15/2021,ACTUAL,1,No,2/4/2025,11/7/2024,2/4/2025,6/5/2025,Yes,7/26/2023,1,-82,0,Yes,12/21/2021,1,-664,0,Yes,7/26/2023,Yes,12/21/2021,,,1,1,-680,-1262,FALSE,,
40467095,NCT03723252,FALSE,FALSE,,FALSE,FALSE,,ACTUAL,ACTUAL,,,,3/22/2024,1/1/3011,ACTUAL,3/20/2019,3/20/2019,ACTUAL,1,No,1/1/3011,,,6/4/2025,No,,3,,,No,,3,,,No,,No,,,,3,3,,,FALSE,,
40425261,NCT05645640,FALSE,FALSE,,FALSE,FALSE,,ACTUAL,ACTUAL,,,,5/16/2024,1/1/3011,ACTUAL,3/16/2023,3/16/2023,ACTUAL,1,No,1/1/3011,,,5/27/2025,No,,3,,,No,,3,,,No,,No,,,,3,3,,,FALSE,,
40335079,NCT03315390,FALSE,FALSE,,FALSE,FALSE,,ACTUAL,ACTUAL,,,,8/30/2023,1/1/3011,ACTUAL,10/21/2018,10/21/2018,ACTUAL,1,No,1/1/3011,,,5/7/2025,No,,3,,,Yes,7/14/2023,1,-47,0,No,,Yes,7/14/2023,,,3,1,,-663,FALSE,,
40306935,NCT03126409,FALSE,FALSE,,FALSE,FALSE,,ESTIMATED,ESTIMATED,,,,12/30/2029,1/1/3011,ACTUAL,5/14/2017,5/14/2017,ACTUAL,1,No,1/1/3011,,,4/30/2025,No,,3,,,No,,3,,,No,,No,,,,3,3,,,FALSE,,
40233976,NCT02512315,FALSE,FALSE,,FALSE,FALSE,,ESTIMATED,ESTIMATED,,,,12/1/2024,1/1/3011,ACTUAL,8/1/2015,2015-08,ACTUAL,1,No,1/1/3011,,,4/15/2025,No,,3,,,No,,3,,,No,,No,,,,3,3,,,FALSE,,
40164448,NCT04971356,FALSE,FALSE,,FALSE,FALSE,,ESTIMATED,ESTIMATED,,,,3/1/2024,1/1/3011,ACTUAL,11/1/2021,11/1/2021,ACTUAL,1,No,1/1/3011,,,3/31/2025,No,,3,,,No,,3,,,No,,No,,,,3,3,,,FALSE,,
40127893,NCT04896736,FALSE,FALSE,,FALSE,FALSE,,ACTUAL,ACTUAL,,,,2/2/2024,1/1/3011,ACTUAL,6/8/2021,6/8/2021,ACTUAL,1,No,1/1/3011,,,3/24/2025,No,,3,,,Yes,1/31/2024,1,-2,0,No,,Yes,1/31/2024,,,3,1,,-418,FALSE,,
40107675,NCT02398734,FALSE,FALSE,,FALSE,FALSE,,ACTUAL,ACTUAL,,,,11/1/2022,1/1/3011,ACTUAL,10/1/2015,2015-10,ACTUAL,1,No,1/1/3011,,,3/19/2025,No,,3,,,No,,3,,,No,,No,,,,3,3,,,FALSE,,
39982935,NCT03863613,FALSE,FALSE,,FALSE,FALSE,,ACTUAL,ACTUAL,,,,7/8/2023,1/1/3011,ACTUAL,3/23/2019,3/23/2019,ACTUAL,1,No,1/1/3011,,,2/21/2025,No,,3,,,No,,3,,,No,,No,,,,3,3,,,FALSE,,
39933757,NCT04500392,FALSE,FALSE,,FALSE,FALSE,,ESTIMATED,ESTIMATED,,,,1/1/2024,1/1/3011,ACTUAL,5/6/2021,5/6/2021,ACTUAL,1,No,1/1/3011,,,2/11/2025,No,,3,,,No,,3,,,No,,No,,,,3,3,,,FALSE,,
39899612,NCT05110521,FALSE,FALSE,,FALSE,FALSE,,ACTUAL,ACTUAL,,,,8/26/2022,1/1/3011,ACTUAL,11/5/2021,11/5/2021,ACTUAL,1,No,1/1/3011,,,2/3/2025,No,,3,,,No,,3,,,No,,No,,,,3,3,,,FALSE,,
39843169,NCT04004793,FALSE,FALSE,,FALSE,FALSE,,ACTUAL,ACTUAL,,,,1/31/2023,1/1/3011,ACTUAL,6/12/2020,6/12/2020,ACTUAL,1,No,1/1/3011,,,1/22/2025,No,,3,,,No,,3,,,No,,No,,,,3,3,,,FALSE,,
39836656,NCT04069247,TRUE,TRUE,,TRUE,TRUE,,ACTUAL,ACTUAL,,,,1/18/2024,1/9/2025,ACTUAL,9/5/2019,9/5/2019,ACTUAL,1,No,11/25/2024,4/17/2024,11/25/2024,1/21/2025,Yes,12/8/2022,1,-406,0,Yes,12/8/2022,1,-406,0,Yes,12/8/2022,Yes,12/8/2022,,,1,1,-775,-775,FALSE,,
39814420,NCT02867267,FALSE,FALSE,,FALSE,FALSE,,ACTUAL,ACTUAL,,,,1/22/2021,1/1/3011,ACTUAL,9/6/2016,9/6/2016,ACTUAL,1,No,1/1/3011,,,1/15/2025,No,,3,,,No,,3,,,No,,No,,,,3,3,,,FALSE,,
39809509,NCT05684172,FALSE,FALSE,,FALSE,FALSE,,ACTUAL,ACTUAL,,,,8/24/2023,1/1/3011,ACTUAL,1/24/2023,1/24/2023,ACTUAL,1,No,1/1/3011,,,1/14/2025,No,,3,,,No,,3,,,No,,No,,,,3,3,,,FALSE,,
39788611,NCT04357288,FALSE,FALSE,,FALSE,FALSE,,ACTUAL,ACTUAL,,,,9/20/2024,1/1/3011,ACTUAL,12/16/2020,12/16/2020,ACTUAL,1,No,1/1/3011,,,1/9/2025,No,,3,,,No,,3,,,No,,No,,,,3,3,,,FALSE,,
40587286,NCT05202431,FALSE,FALSE,,FALSE,FALSE,,ACTUAL,ACTUAL,,,,7/30/2019,1/1/3011,ACTUAL,7/1/2018,7/1/2018,ACTUAL,1,No,1/1/3011,,,6/28/2025,No,,3,,,No,,3,,,No,,No,,,,3,3,,,FALSE,,
